SNE1,SNE2,SNE3,Herramienta
-14.598195,1.6181288,-8.317422,H1
-12.660258,0.4068678,-8.332938,H1
-12.988768,9.564476,-9.103626,H1
-17.376673,2.8306367,-9.658526,H1
-11.364527,8.115869,-6.250255,H1
-14.015045,1.4637449,-8.947674,H1
-11.845859,9.825557,-8.306162,H1
-13.089897,1.0175073,-8.673981,H1
-11.192335,8.031368,-5.923678,H1
-17.607824,2.9684937,-10.552646,H1
-10.070559,7.4774776,-4.5039525,H1
-18.49739,3.0582082,-10.191973,H1
-12.130055,9.979481,-6.627166,H1
-12.816263,0.66378284,-8.679161,H1
-13.214136,11.300071,-7.126169,H1
-18.090044,3.0025811,-10.188231,H1
-10.151338,7.7074943,-4.3845577,H1
-11.65049,-0.5555082,-7.558344,H1
-10.826086,8.865941,-4.636696,H1
-13.27195,11.383865,-7.1124983,H1
-15.102801,1.4471574,-9.383308,H1
-11.849534,10.040322,-6.1102705,H1
-10.884353,9.043263,-4.688611,H1
-13.345359,-0.30060863,-8.332813,H1
-11.497118,9.985232,-5.5018663,H1
-12.112633,-1.0264202,-7.976666,H1
-11.503982,10.363567,-8.21696,H1
-10.941457,9.348473,-4.679538,H1
-12.168144,-1.7596445,-7.499384,H1
-12.463234,10.921726,-8.307638,H1
-16.28506,-0.01589067,-9.044936,H1
-11.155228,8.430338,-1.657103,H1
-17.424513,0.50066215,-9.433965,H1
-10.572045,8.837578,-4.129854,H1
-17.896461,0.6121667,-9.700169,H1
-1.4387132,-4.761162,-0.06414724,H1
-13.289629,-1.4074033,-8.628792,H1
-14.429105,11.628279,-5.7605767,H1
-12.333961,-1.805638,-7.9478736,H1
-11.353667,8.303753,-0.2530109,H1
-15.483215,-0.6915427,-8.969652,H1
-10.652353,10.350852,-9.037123,H1
-14.21658,-1.3531222,-8.782713,H1
-10.291405,8.295015,1.4401158,H1
-15.007965,-0.9362808,-8.944647,H1
-10.090871,7.8945622,-3.0398853,H1
-13.159498,-1.6667209,-8.419859,H1
-13.935141,11.224511,-5.3016105,H1
-11.607849,-2.5591333,-7.4666023,H1
-11.342906,10.265227,-5.0349064,H1
-15.1051235,-0.911083,-9.058702,H1
-10.323692,10.198114,-9.084578,H1
-11.598798,-2.6056252,-7.489943,H1
-12.090917,10.745384,-6.0436563,H1
-14.335183,-0.904697,-9.04686,H1
-11.662246,7.757914,-0.15770063,H1
-18.068897,1.1502864,-10.261938,H1
-10.060861,7.639133,-2.727521,H1
-17.40609,0.76056844,-9.631615,H1
0.73429006,-2.9572387,1.381581,H1
-0.7675303,-9.2239065,6.918676,H1
-7.318336,4.1208158,-0.65422815,H1
-17.771372,1.2642032,-10.090907,H1
-0.45325089,-4.8956246,0.3831186,H1
-11.913756,-0.9067552,-9.2122555,H1
-6.876005,4.126293,-0.8501723,H1
-0.38002923,-5.219067,0.21190478,H1
-14.324069,-0.9641017,-9.695827,H1
-1.4462522,-9.957805,6.7321477,H1
-7.2494454,4.0048103,-0.7255917,H1
-18.02009,1.7350966,-10.555349,H1
-1.198429,-9.726644,6.9331083,H1
-12.751494,0.83847255,-3.5705845,H1
-11.864646,-0.7347361,-9.340495,H1
-1.1973969,-4.8307147,0.05761654,H1
-10.560648,-2.1487038,-7.757268,H1
-1.2879345,-10.175807,7.5075574,H1
-1.2813466,-10.583361,7.731698,H1
-7.150063,3.5679421,-0.97538805,H1
-18.553823,2.3285897,-10.225718,H1
-1.4959835,-10.175238,7.0333457,H1
-17.141666,1.8488946,-10.641645,H1
-7.5600853,4.6747766,-10.448169,H1
-10.427389,-1.903675,-7.752863,H1
-15.578483,1.401215,-9.625485,H1
-17.010334,2.1613882,-10.701771,H1
-14.819612,1.1830775,-10.149936,H1
8.262758,-12.259568,-8.140934,H1
-11.4568405,0.14030606,-9.232958,H1
-16.742105,2.3876681,-10.462319,H1
-18.584154,2.6627374,-11.206341,H1
-10.828619,-0.87558764,-7.930118,H1
-10.252979,-2.0678725,-7.3900437,H1
-11.385243,2.5218396,-13.169274,H1
-13.828888,4.4150968,-10.74008,H1
-13.9169655,5.0640965,-11.115676,H1
-15.575081,3.8546515,-7.795877,H1
-15.618453,3.9152925,-7.731307,H1
6.693141,-11.96047,-9.380754,H1
-12.801744,3.674104,-9.787491,H1
-15.033807,3.8099577,-7.2807894,H1
-12.187686,2.9257307,-9.331967,H1
-15.316039,4.0574417,-7.3525467,H1
-15.405333,6.9035363,-9.613881,H1
-14.814388,6.593529,-8.711974,H1
-13.108594,4.339627,-9.490813,H1
-11.493988,4.4390626,-7.464201,H1
-16.468569,6.9900513,-8.668255,H1
-15.6226845,6.8063793,-9.642852,H1
-11.724071,5.612822,-7.250356,H1
-11.412505,3.3103702,-7.891145,H1
-11.652103,5.1261625,-7.258511,H1
-16.09704,7.775113,-8.355199,H1
-15.819699,6.8741584,-9.220149,H1
-15.835282,7.0620933,0.32698655,H1
-11.321858,3.5522869,-7.6529946,H1
-15.791836,8.103387,-7.994635,H1
-12.139882,5.9096336,-7.053663,H1
-13.489499,7.247201,-7.217265,H1
-13.677918,5.5480227,-8.798391,H1
-9.089854,5.6388817,-5.141032,H1
-18.360329,8.758017,-4.3018003,H1
-11.317267,3.1432164,-7.7417073,H1
-15.924366,7.18494,0.61124593,H1
-9.41913,4.430039,-10.969901,H1
-18.414083,9.061974,-4.0026493,H1
-9.4414015,0.90497017,-7.3886027,H1
-13.787459,7.6306634,-7.2394233,H1
-11.613735,6.359225,-5.9510913,H1
-9.54774,6.649018,-7.2783327,H1
-11.55118,9.919539,-9.486822,H1
9.908254,0.15089722,-10.187685,H1
-10.0072565,5.499232,-5.743482,H1
-18.97092,4.2469244,-3.267733,H1
9.889316,0.2603173,-10.030269,H1
-8.086616,4.592255,-11.848347,H1
3.0183403,-5.6308823,-12.704383,H1
0.8354537,-8.236795,-12.164122,H1
0.70572835,-8.086058,-12.176294,H1
0.61429846,-7.991645,-12.179607,H1
3.0006814,-5.5603967,-12.882174,H1
0.74276793,-8.109505,-12.174976,H1
0.84457326,-8.240142,-12.159411,H1
3.167585,-5.5360384,-12.929294,H1
-14.489966,9.0606165,-10.095519,H1
2.5467465,-5.329763,-11.550338,H1
3.1731558,-5.6011543,-12.748449,H1
8.079002,1.8887466,-10.893759,H1
-17.997993,3.5820105,-2.6505241,H1
7.780176,2.0246422,-10.6888275,H1
-8.633262,6.2408795,-10.341718,H1
-8.657784,7.00186,-10.058275,H1
1.1445405,-8.718905,-12.062249,H1
8.092429,1.9511791,-11.031277,H1
-9.764652,3.2255945,-12.3312435,H1
-9.880834,3.3063715,-12.354565,H1
-14.140012,4.5328135,-10.725194,H1
-15.509061,5.598477,-10.602813,H1
-15.699193,5.9272127,-10.413602,H1
-8.609372,7.1620336,-8.8201,H1
-15.62369,6.0148153,-10.248911,H1
-16.002401,6.5077868,-9.816608,H1
-14.236237,5.7341266,-9.080061,H1
-15.7163925,7.6006045,-9.124155,H1
6.208829,-14.178123,-5.7961907,H1
-12.762083,6.499242,-7.3574686,H1
8.066565,-13.332613,-6.0968566,H1
6.6296554,-12.798725,-7.932938,H1
8.052923,-14.029329,-6.6148915,H1
-15.086997,5.7472773,-6.2146645,H1
7.1293297,-13.20454,-7.310683,H1
7.34086,-14.120258,-6.594748,H1
-12.396066,6.629318,-6.916802,H1
7.2351646,-13.763885,-7.21272,H1
6.010324,-14.299442,-6.803385,H1
6.9069476,-14.075261,-6.076079,H1
-9.704504,6.5558686,-7.296236,H1
5.537197,-13.415515,-7.005953,H1
6.579128,-14.390378,-5.773197,H1
8.319738,-13.965371,-6.6329,H1
-11.543856,6.146124,-6.8165603,H1
5.5625663,-13.455936,-6.922323,H1
7.1710324,-12.657966,-6.9303083,H1
-12.304085,6.5946555,-6.9377704,H1
5.598952,-13.713324,-6.391653,H1
8.351352,-12.437546,-5.280782,H1
7.3359885,-12.584776,-6.696072,H1
-14.878362,5.6210456,-5.9996567,H1
7.272744,-12.729135,-6.339182,H1
5.6977215,-13.710759,-6.386542,H1
7.772868,-12.657639,-5.7588673,H1
7.712755,-13.091256,-5.9521623,H1
7.473277,-13.144956,-6.967324,H1
-14.84121,5.5578337,-5.950502,H1
7.2016673,-12.462371,-7.0091047,H1
7.286192,-12.162835,-6.988599,H1
6.599409,-11.913513,-7.373046,H1
-10.907287,2.4874933,-6.7784786,H1
8.371264,-12.367066,-4.887571,H1
7.7775927,-12.407445,-4.6091623,H1
7.435901,-12.00314,-3.629209,H1
-15.633401,5.733837,-10.814061,H1
7.405108,-12.10394,-4.015886,H1
4.6042256,-6.02177,-4.84034,H1
-10.312544,3.9628243,-11.8422575,H1
5.5174146,-7.306111,-4.0593824,H1
5.5093584,-12.630449,-3.75446,H1
4.7399893,-6.068119,-4.516575,H1
-10.914658,1.807942,-6.6767793,H1
4.8222065,-5.904721,-4.495489,H1
4.937093,-6.2179365,-4.061634,H1
7.2831764,-12.013433,-3.7678413,H1
5.5756483,-7.1571994,-3.7339325,H1
5.5014133,-7.285543,-3.7170823,H1
6.087098,-12.127102,-2.791795,H1
5.63971,-12.529083,-3.4589076,H1
4.8006964,-6.202402,-4.199863,H1
5.8658547,-12.222085,-2.8587015,H1
4.410678,-6.75324,-4.4623957,H1
6.9767194,-11.6853285,-2.0486777,H1
6.288032,-11.24681,-4.177724,H1
5.274661,-7.7234836,-3.543483,H1
4.6901193,-6.6415052,-3.887832,H1
7.168103,-11.6336775,-2.4967165,H1
4.903379,-11.807976,-3.6559293,H1
5.383448,-11.919456,-3.0092034,H1
6.070984,-11.060406,-4.13018,H1
4.8105774,-11.577501,-3.5103686,H1
5.85476,-10.849305,-4.233346,H1
4.719376,-11.025337,-3.329288,H1
4.5931034,-11.353224,-3.5028336,H1
3.638633,-11.280119,-2.9349437,H1
6.919647,-11.314024,-12.185183,H1
6.8146095,-11.199483,-12.245708,H1
-15.984432,7.435406,-9.712467,H1
-16.7034,2.5841386,-11.2683115,H1
-14.683965,-5.186587,-8.708344,H1
-16.59139,11.774093,-5.127399,H1
-13.091216,8.954349,-1.7757338,H1
-16.48606,11.835543,-5.1043983,H1
-14.833689,11.174957,-2.1817272,H1
-15.04939,10.640736,-3.699905,H1
-14.32354,11.046421,-1.7707182,H1
-15.974282,11.962738,-5.468912,H1
-12.657672,9.152957,-1.5420707,H1
-14.1513405,11.045148,-1.829226,H1
-12.034964,9.293795,-1.2262545,H1
-15.344952,12.31014,-5.740056,H1
-11.886771,9.2972765,-1.049595,H1
-13.403113,10.750066,-1.5544212,H1
-15.246784,12.269341,-5.7450604,H1
-13.2065325,11.055197,-4.536457,H1
-10.027073,7.7594886,1.1510754,H1
-12.852407,0.5109325,-3.611974,H1
-14.252665,-0.08413832,-3.8648846,H1
-12.582866,0.25841242,-3.7357776,H1
-21.592926,0.9807025,-4.6695094,H1
-14.831113,-0.16961515,-4.075145,H1
-15.549301,-0.13845807,-4.5201526,H1
-14.119225,-0.20226853,-3.8180187,H1
-14.9775505,-0.16808501,-4.207699,H1
-13.181897,-0.172763,-3.5047271,H1
-14.474064,-0.28809088,-4.0540447,H1
-12.259647,-0.4167311,-4.1648445,H1
-17.007793,0.13659677,-6.2779474,H1
-11.830108,-0.70661753,-4.3669934,H1
-16.962482,1.1080234,-6.6479163,H1
-15.660611,-0.07189528,-6.7972126,H1
-12.346517,-0.8640027,-6.5902157,H1
-12.345648,-0.95316124,-6.5457745,H1
-15.121959,-0.38483778,-7.5462003,H1
-14.796714,0.57067096,-13.032082,H1
-11.499968,-3.0623488,-8.3547125,H1
-10.407856,-1.5816991,-7.6197534,H1
-9.803875,0.6076085,-7.788331,H1
3.7531807,-12.8357115,-6.406465,H1
3.73068,-12.81986,-6.394325,H1
3.7651293,-12.788473,-6.2937636,H1
4.9800296,-13.180264,-4.293489,H1
3.7615998,-12.798756,-6.3325286,H1
-9.468273,2.5179596,-12.006063,H1
-9.447372,2.5291471,-11.983354,H1
9.246573,-12.527388,-6.7537575,H1
8.895061,-12.331371,-9.0927305,H1
9.056101,-12.321694,-9.435038,H1
-10.743649,-0.4745249,-9.988893,H1
3.4284472,-11.690071,-11.480555,H1
3.477187,-11.759562,-11.514268,H1
3.9371557,-11.3500595,-11.317705,H1
6.062694,-9.877294,-10.979728,H1
6.6447825,-9.039662,-12.217792,H1
6.3902392,-10.512688,-10.815328,H1
6.1157203,-9.90155,-11.092717,H1
2.9217439,-10.856698,-13.109301,H1
5.4465346,-9.885071,-10.24202,H1
3.6851203,-10.591241,-12.15819,H1
5.870201,-9.45792,-10.939798,H1
6.076583,-9.659936,-12.338398,H1
3.1092439,-11.0752735,-11.428564,H1
3.4046662,-10.634453,-10.630726,H1
5.9283333,-9.054517,-11.393128,H1
2.826153,-11.385129,-11.534456,H1
6.7167106,-7.378954,-12.450641,H1
2.943322,-10.691514,-12.58972,H1
2.9829085,-10.620177,-12.18826,H1
6.130252,-8.067477,-12.607246,H1
5.80533,-8.562693,-12.93192,H1
4.962633,-9.063962,-12.438108,H1
5.347505,-8.693196,-12.735335,H1
4.9108605,-9.181109,-12.534682,H1
6.010221,-7.897548,-12.143261,H1
5.977827,-7.3586307,-12.406356,H1
4.8207364,-8.740231,-13.203438,H1
5.012712,-8.260539,-12.210189,H1
8.278126,1.6873193,-11.54627,H1
5.023616,-8.1341305,-12.84146,H1
5.5270863,-7.653343,-12.673286,H1
5.8144035,-7.5814867,-13.759252,H1
5.7969136,-7.6274433,-13.404474,H1
5.315141,-7.822897,-14.1179495,H1
5.0131903,-7.80218,-13.459263,H1
4.0437827,-7.6126966,-13.806226,H1
2.055779,-9.816182,-11.971275,H1
-11.966926,3.879633,-11.73453,H1
4.8292923,-7.4354215,-12.12177,H1
4.1335,-7.619187,-13.832662,H1
4.117319,-7.628896,-13.73692,H1
9.069295,-12.324427,-11.322985,H1
3.1076267,-12.304308,-11.290597,H1
-11.935764,3.944235,-11.732796,H1
-12.14179,3.1195462,-12.487026,H1
6.749546,-10.920261,-11.158765,H1
6.4892116,-10.396839,-11.775019,H1
-14.248402,5.7906938,-9.069838,H1
-15.669964,7.972968,-8.759733,H1
-13.041271,6.8282566,-7.3283014,H1
-9.852216,6.6061063,-7.390249,H1
-9.523199,5.7185717,-5.4153805,H1
-10.396217,5.6294928,-6.1408014,H1
-11.013962,5.9378695,-6.4468946,H1
-9.777056,5.631054,-5.6194324,H1
3.0175812,-5.546767,-11.269908,H1
3.7292354,-5.907891,-11.135864,H1
-10.782892,9.617883,-9.495109,H1
-10.332343,5.380288,-6.1281853,H1
-11.0733385,9.901596,-9.519928,H1
-14.494194,8.990782,-10.0402565,H1
-10.041078,4.4695334,-6.3102407,H1
-14.457598,8.987668,-10.046947,H1
3.6934152,-5.765629,-11.696336,H1
-8.546961,4.7321825,-10.61694,H1
3.6935332,-5.7103424,-11.928626,H1
-8.455163,4.748981,-10.602827,H1
-8.470685,4.799526,-10.785993,H1
-9.870574,3.7678294,-6.281294,H1
-9.550858,2.8981516,-6.6888475,H1
-8.645156,4.65923,-9.689171,H1
-8.5933,4.655408,-10.69872,H1
-9.311148,1.2275889,-7.093547,H1
-14.284231,0.3969836,-12.688855,H1
-13.505401,-0.066945165,-12.468735,H1
-15.504874,1.8148919,-13.017203,H1
-14.362192,1.1008215,-12.269018,H1
-14.87058,1.4617608,-12.348927,H1
-16.336012,2.9455009,-12.90898,H1
-17.066183,3.2678328,-12.668903,H1
-12.348365,-0.07757843,-10.952801,H1
-10.461604,-2.4848335,-8.871036,H1
-17.105537,3.2241495,-12.636488,H1
-13.117046,0.4597094,-10.631547,H1
-14.028608,0.75008637,-10.919617,H1
-14.972084,1.2995604,-11.052773,H1
-13.205126,0.41348955,-10.493295,H1
-17.17303,3.2657835,-12.0412445,H1
-11.912008,-0.4538541,-9.568911,H1
-13.47684,0.059424873,-10.17346,H1
-14.592918,1.1434118,-10.2758875,H1
-10.908808,-0.40575355,-9.947196,H1
-11.371552,-1.0911922,-8.105735,H1
-16.656555,1.4694879,-9.255912,H1
-12.055851,-1.4731892,-7.7770357,H1
18.267508,-3.9717405,4.89301,H2
18.190275,-4.036487,4.878201,H2
19.511166,-3.1557605,5.37988,H2
-14.99033,14.581259,2.179278,H2
19.550209,-3.0495617,5.1935577,H2
19.697786,-3.330552,4.9946084,H2
-23.870308,14.605495,0.0070723644,H2
18.014416,-3.8383698,5.054102,H2
9.599409,-9.15404,-2.9000864,H2
19.52374,-3.39562,5.1063433,H2
-12.736185,14.470904,-1.9220451,H2
11.31068,-10.155536,5.029845,H2
19.691294,-3.1397488,5.163192,H2
19.428057,-2.8780868,5.5448456,H2
-23.00267,14.428556,-0.28051504,H2
17.743216,-2.4667575,6.297783,H2
16.844297,-1.815988,8.941155,H2
-13.309215,14.73581,1.0777211,H2
17.736553,-2.329966,6.5790343,H2
16.422623,-2.035822,8.977653,H2
17.65082,-2.205674,6.685158,H2
-12.153963,12.081554,-5.042434,H2
16.60221,-1.1704177,9.533019,H2
17.669287,-2.5042324,6.3341274,H2
16.369257,-1.5566576,9.23875,H2
-12.07496,10.704551,3.1675167,H2
16.275713,-1.5149896,9.367381,H2
16.188318,-1.6796392,9.176159,H2
-12.103334,11.379738,3.446402,H2
16.98509,0.64023,10.906707,H2
16.981766,0.49406242,10.952547,H2
15.4169445,-1.7773474,10.819377,H2
-9.292875,8.05909,-1.8866222,H2
16.405434,-0.10537433,10.092846,H2
16.098799,-0.3085703,9.849351,H2
16.017134,0.013806285,9.928193,H2
-9.713032,7.968978,1.2199961,H2
15.73605,-0.786298,9.458759,H2
15.650364,-0.31489322,9.578374,H2
-11.60555,11.606895,-4.536462,H2
16.301079,1.0102563,10.758347,H2
16.506817,1.5272142,10.452349,H2
16.316425,1.3938292,11.141672,H2
-10.059227,9.083819,-0.53828275,H2
16.772606,1.7575741,10.976243,H2
16.086544,1.1950393,10.177811,H2
-9.141636,7.0877733,0.29630616,H2
15.509599,1.0276086,9.960144,H2
15.909621,4.227345,7.1492047,H2
15.216227,0.99946856,9.685897,H2
-21.167606,-1.4762448,-3.8961496,H2
15.734316,1.8102175,10.104445,H2
14.83066,0.9297788,9.51758,H2
16.545582,4.9013653,6.667653,H2
-13.64519,10.948114,-5.3182626,H2
16.316086,2.53305,10.672595,H2
16.727985,2.903631,10.672783,H2
-8.96063,6.6395154,-0.032257155,H2
15.393247,2.5807705,10.784905,H2
15.391027,2.2200954,9.958347,H2
16.391638,2.867421,10.441057,H2
15.179124,2.7133956,10.750368,H2
13.026842,2.2650201,10.348399,H2
15.60139,4.435007,6.689881,H2
-9.818695,5.9240456,0.69198096,H2
15.251895,3.0576446,11.810933,H2
14.554971,2.84706,10.3380165,H2
-21.739319,-0.68719476,-3.4837072,H2
12.680846,2.2333539,10.244117,H2
13.802855,1.7783254,9.089227,H2
15.003985,3.2630403,11.012491,H2
-9.128033,5.6351376,0.082893774,H2
15.603878,4.832277,6.2267923,H2
15.397144,4.575227,7.3315606,H2
15.317551,4.58574,5.9185195,H2
-9.169753,6.06755,-0.071965106,H2
15.262094,4.5307946,5.919481,H2
14.351772,3.438488,9.650804,H2
-21.707098,-0.61096466,-3.385086,H2
14.4783125,4.8717904,6.5366445,H2
15.182176,4.757971,6.3435245,H2
14.648444,4.903625,6.558217,H2
-9.109006,5.7370796,0.11198485,H2
13.740067,3.405111,10.11162,H2
11.960142,3.7681513,8.986255,H2
-11.449993,11.274112,-4.400388,H2
14.770521,3.57222,9.853307,H2
15.054457,4.8093224,6.281647,H2
13.481564,3.3923774,9.931598,H2
-21.484297,-0.36465222,-2.9353309,H2
14.000053,3.5594425,10.05852,H2
12.701307,3.3429651,9.673754,H2
13.429185,3.202245,9.525435,H2
-11.286387,7.0427775,-2.2082462,H2
13.017492,3.4559186,9.631127,H2
10.538584,3.6232932,8.54562,H2
-10.029377,8.340482,-0.63918275,H2
12.7274065,5.0629635,5.624996,H2
12.22521,3.3782272,9.507468,H2
12.912953,5.1488514,4.6575003,H2
-9.781453,7.522221,-2.4346015,H2
12.769378,5.064067,5.165464,H2
12.424779,5.05889,5.4610195,H2
12.359573,5.036342,5.3210254,H2
-9.280997,7.5434127,0.45243874,H2
11.956712,5.1746635,4.544208,H2
11.210811,3.4567833,9.32761,H2
-12.919862,11.085937,-4.669145,H2
10.961261,3.5459452,8.991099,H2
12.667027,5.0776815,5.0385976,H2
13.127639,5.1080666,4.8101964,H2
-9.889172,7.3931613,1.164842,H2
11.079993,3.5509665,8.987414,H2
11.442458,4.9294786,5.377513,H2
10.523381,3.7166116,8.357122,H2
-13.373807,12.806065,-5.7860723,H2
13.912422,3.698945,0.8197255,H2
10.096929,3.627389,8.223698,H2
-13.155627,11.142189,-4.580918,H2
11.645105,5.1561036,3.9931479,H2
9.87969,3.7187996,7.8845825,H2
10.128988,3.7244153,8.059145,H2
-12.691726,12.788764,-5.320412,H2
8.867063,3.1366842,10.07795,H2
14.017615,3.5927763,0.3906927,H2
-9.801662,8.557002,0.4586343,H2
13.774339,5.5846877,3.3028624,H2
8.779551,3.1078143,10.08969,H2
3.321672,1.7566185,9.609962,H2
-10.147968,8.55046,-1.0315902,H2
10.834679,8.158747,-1.9536562,H2
3.6160815,-8.75967,11.877535,H2
3.808602,-8.712744,12.045389,H2
-12.742517,13.052055,-5.244405,H2
3.9656427,-8.58647,12.015631,H2
3.891431,-8.82861,12.276308,H2
-12.004868,13.155701,-2.9534175,H2
13.914999,3.5362449,-0.7863959,H2
2.7633212,1.4587152,9.3708105,H2
13.762073,3.5608678,-1.0665395,H2
3.290912,-12.670595,5.1201673,H2
2.6384926,1.3940579,9.26592,H2
-8.713406,12.555871,-3.7829196,H2
2.0516164,-9.487142,11.09057,H2
2.7156024,-9.535018,11.380412,H2
-11.996192,13.210386,-2.8554502,H2
3.446567,-9.12344,11.811124,H2
2.774948,1.3719848,9.472217,H2
2.488025,1.2497978,9.314105,H2
-8.480757,8.782185,0.4595205,H2
2.2904017,-9.701688,11.089634,H2
11.727987,5.297327,-1.9439285,H2
13.099124,3.509876,-2.3543792,H2
-11.810184,12.970897,-3.3579369,H2
9.577047,4.7147074,-3.732366,H2
2.431586,-10.351243,11.038093,H2
1.8336318,0.30895177,9.568836,H2
-6.0001717,5.4598594,-0.95419025,H2
11.61525,4.729222,-2.6921341,H2
9.6387005,4.622882,-3.822955,H2
4.1071258,-1.7550036,8.098833,H2
11.331924,4.4725733,-3.132304,H2
-8.87317,7.93907,-1.8011723,H2
1.8548367,0.35542294,9.509592,H2
2.4136252,-10.605425,10.942981,H2
2.8604627,-11.164626,7.7532964,H2
-8.425508,8.553774,0.449115,H2
0.99724483,-10.230407,4.139267,H2
13.00769,3.459307,-2.570915,H2
4.7805357,-1.2443457,7.740031,H2
9.965041,4.221069,-4.056878,H2
-11.499114,12.060827,-4.320466,H2
-9.990346,10.211382,-9.179375,H2
19.509947,-2.7634482,4.815533,H2
13.356061,-8.369643,7.165533,H2
11.497679,-10.559556,6.0964265,H2
17.682081,-2.5243678,5.163264,H2
11.656148,-11.31036,7.1756206,H2
17.754112,-3.2703717,5.0302463,H2
14.074751,-8.013078,6.712466,H2
15.132385,-5.6372194,6.7847586,H2
11.486918,-11.743789,7.319754,H2
14.78855,-5.862933,6.591838,H2
12.71467,-6.9591174,6.9208055,H2
14.834268,-5.7285495,6.429438,H2
12.982843,-6.8546243,6.642396,H2
10.493454,-11.474424,6.8588514,H2
14.476798,-5.770741,7.058077,H2
12.573098,-6.9781446,6.8935075,H2
14.955072,-5.475983,6.9991474,H2
12.168282,-6.439061,6.9887013,H2
17.244148,-2.17321,5.222897,H2
14.310287,-4.795942,7.524718,H2
11.744243,-6.4535475,7.23172,H2
17.050386,-2.0660517,5.334074,H2
10.397484,-9.192188,9.132864,H2
14.519003,-4.6184025,7.4820952,H2
11.633173,-6.278113,7.96884,H2
11.242322,-5.695351,7.95897,H2
10.480332,-8.400196,9.869953,H2
14.774302,-4.274907,7.2554126,H2
11.239072,-5.722171,7.3264036,H2
14.025318,-4.7387877,6.6219683,H2
11.536374,-5.701273,6.7340074,H2
11.468858,-5.6447325,6.4314847,H2
13.988677,-4.8308764,6.440986,H2
11.090597,-5.6052847,7.1409373,H2
13.764442,-4.8239975,6.529285,H2
8.20488,-7.7452765,9.6294,H2
13.345905,-4.0632706,7.6481056,H2
8.136159,-7.7794876,9.524679,H2
13.397866,-3.8652313,7.9575105,H2
10.641128,-4.9681463,7.6363897,H2
10.656569,-6.87028,10.483201,H2
10.390707,-4.8839507,7.2424293,H2
16.27472,-1.2818244,5.4793906,H2
10.325302,-4.7372885,7.092805,H2
12.950763,-3.742564,8.111716,H2
12.692583,-3.46454,8.217352,H2
10.18374,-4.5900803,7.3523145,H2
7.5158877,-7.863602,10.126216,H2
13.100276,-3.820359,6.419901,H2
9.87244,-4.465746,7.114669,H2
12.627757,-3.3366868,6.9138513,H2
7.383238,-7.800801,9.662984,H2
9.03806,-7.694978,10.332141,H2
9.090107,-7.3855686,10.257167,H2
7.2592225,-7.867687,9.8619795,H2
16.136765,-1.2897615,5.0957665,H2
7.3367863,-7.3812594,10.301948,H2
9.681436,-4.1400485,7.314308,H2
12.015236,-2.8295155,7.124192,H2
10.503418,-6.7021785,10.487763,H2
7.3434896,-7.3237925,10.502655,H2
9.356163,-3.6634057,7.7990756,H2
12.489693,-2.7920938,9.092663,H2
12.081963,-2.8315024,9.0896845,H2
9.031422,-3.7028472,6.999411,H2
12.328634,-2.7460213,9.130993,H2
9.084426,-3.658482,7.1511855,H2
6.564153,-7.24283,10.245857,H2
11.824107,-2.4784608,6.979718,H2
11.513051,-2.2849877,7.0096245,H2
6.4612603,0.12731121,8.343179,H2
14.667222,2.01859,1.2195148,H2
6.4589686,0.12911189,8.34808,H2
-8.6337,8.379763,1.8505262,H2
11.246759,-1.9153663,7.1325665,H2
11.289613,-1.8731349,7.4112415,H2
6.8878946,-6.596453,10.525152,H2
11.339748,-2.6608083,8.925718,H2
-13.419894,13.960915,5.1904483,H2
11.248422,-2.0656922,8.380649,H2
-13.772329,17.140644,0.24976476,H2
4.9452853,-7.1427464,10.427918,H2
11.1750145,-1.6189324,7.8280225,H2
6.3058577,0.42234918,8.464127,H2
11.614783,-1.4061092,8.792264,H2
6.245976,0.45521227,8.462072,H2
10.955113,-1.2479182,7.872632,H2
4.970456,-7.607887,11.758663,H2
10.570394,-0.76991254,7.4384193,H2
4.5603333,-7.310309,10.926364,H2
6.8367453,-7.829966,11.240196,H2
4.5434904,-7.4018555,11.382576,H2
10.75786,-1.1031595,7.380945,H2
14.692167,2.5865383,1.0126814,H2
4.583373,-7.466922,11.459343,H2
1.3186468,-7.7436037,11.121487,H2
15.429095,4.7925105,4.41615,H2
1.1745265,-7.9100156,11.061158,H2
14.789992,2.942637,1.0984187,H2
-0.48557428,-8.14027,9.74498,H2
15.226667,4.9103293,3.9106157,H2
0.5971605,-7.9276376,10.695465,H2
14.856839,3.200468,1.0579743,H2
0.7106282,-8.360212,10.878561,H2
8.839883,2.1280398,13.411125,H2
14.9122925,3.3056128,0.9716299,H2
8.5311575,2.7122211,13.495702,H2
-0.56654626,-8.3406925,10.084204,H2
13.358756,5.061498,2.4828892,H2
13.776449,5.0555873,2.6736739,H2
14.962085,5.29081,2.7753644,H2
8.881955,1.7977482,13.517968,H2
8.819297,1.7315457,13.420436,H2
0.8222562,-8.394227,10.970925,H2
15.119748,5.1772175,2.8043518,H2
15.122848,5.1905684,2.7583265,H2
6.715992,2.2225337,12.426275,H2
7.474445,1.7873737,12.485337,H2
7.0581207,2.477678,12.234839,H2
7.8650684,1.2786611,12.890264,H2
7.6088243,2.9492295,11.774132,H2
7.536293,2.7556217,12.064359,H2
8.438665,2.6314867,13.449246,H2
7.4127703,2.7102191,12.7043495,H2
7.6872053,2.7643363,12.652343,H2
5.5776253,-7.8563876,12.63725,H2
4.454632,1.9017903,11.985333,H2
14.881098,5.598457,2.7460358,H2
5.829979,-7.8548193,12.957045,H2
8.510016,1.8651576,13.768548,H2
8.003685,3.7073207,12.795843,H2
5.836639,-7.861493,13.051135,H2
6.841703,2.026779,13.345388,H2
7.7970676,3.195032,12.680957,H2
6.953964,1.9875089,12.741177,H2
5.837379,2.1870756,12.350284,H2
6.448591,2.2281187,12.508505,H2
4.098628,1.6619034,11.65199,H2
3.6681583,1.3268692,11.377721,H2
14.16061,3.4117482,-0.5745847,H2
12.460443,5.182868,1.661072,H2
5.052909,0.3825514,11.354593,H2
7.125385,0.9621379,12.138224,H2
12.4075775,5.151647,2.0391624,H2
4.4172907,1.5558774,11.794902,H2
5.137933,0.5235707,11.080178,H2
3.990574,1.5134513,11.12333,H2
6.7847614,0.9712968,11.951702,H2
4.4943933,0.13914551,11.1304865,H2
3.4740796,0.7751961,11.307966,H2
4.228291,0.48826307,11.246295,H2
5.038347,-0.1161824,11.3130245,H2
4.183465,-0.4091188,11.742627,H2
4.254648,-0.93138963,11.480216,H2
2.392293,0.42006046,11.0770035,H2
2.186758,-0.37497985,12.282974,H2
3.3565855,0.1439847,12.098916,H2
3.5225961,-0.38871765,11.825259,H2
15.181642,-4.857519,12.552715,H2
18.512993,-1.3065931,4.5486503,H2
-16.886715,12.146465,-2.7722056,H2
18.47194,-1.4115478,4.5981636,H2
15.097366,-4.5129604,13.041687,H2
-16.142057,11.175593,-1.301013,H2
15.301487,-2.827183,14.76211,H2
18.530807,-0.8500526,4.3964257,H2
14.987796,-4.1916227,13.485131,H2
-16.538841,11.986893,-2.5557427,H2
14.876225,-4.219172,15.663707,H2
14.752438,-3.1766167,14.2374525,H2
14.907933,-3.6326947,14.459022,H2
-15.045308,14.133045,4.1376333,H2
14.820616,-3.7974117,14.614883,H2
14.654686,-3.4001164,14.416748,H2
-22.821665,14.488812,-1.5067605,H2
14.939426,-2.7977123,14.834638,H2
14.506801,-3.3416016,17.010277,H2
14.769427,-3.057765,16.019644,H2
-14.866205,13.950223,2.7368782,H2
14.64233,-4.0859804,15.745431,H2
18.252718,0.82745486,4.013255,H2
-14.657766,14.210506,4.477719,H2
14.017684,-3.1668563,14.335868,H2
18.361761,0.88924885,4.0921745,H2
14.4220495,-2.3587537,16.182766,H2
9.008016,-6.2255664,9.75588,H2
13.0549555,-4.4313235,17.491735,H2
13.067635,-4.4195414,17.48196,H2
9.459581,-7.7512193,8.4341345,H2
13.045412,-4.2298527,17.21816,H2
9.60349,-7.3667564,8.203888,H2
9.299958,-7.3359103,8.311658,H2
17.510525,1.3106041,3.5378888,H2
-14.292831,14.08425,4.5989103,H2
12.588671,-3.1346176,15.094568,H2
12.626306,-3.9862144,16.498285,H2
14.185458,-1.5825113,16.378914,H2
-12.458252,14.080384,-1.3419536,H2
18.235533,1.4723415,3.7597265,H2
13.187169,-2.3327882,16.399801,H2
13.557079,-1.8780392,16.52433,H2
13.083756,-2.5060906,16.780533,H2
12.947192,-1.8247784,15.999764,H2
-23.09295,14.371778,-0.15804918,H2
12.381232,-2.515321,16.002428,H2
12.467018,-4.5734196,17.444887,H2
12.229074,-2.6921854,15.7873745,H2
-11.777139,14.2175455,-0.980875,H2
12.478418,-1.86287,15.980164,H2
17.422089,1.5278244,3.460394,H2
-12.178042,14.6685295,0.090368606,H2
13.544386,-0.41134962,16.532612,H2
13.6486635,-0.23784149,16.614838,H2
-13.491892,14.14897,4.8788524,H2
12.805815,-1.2836806,16.421646,H2
18.139658,2.5401812,3.0591936,H2
13.151641,-0.7042698,16.763813,H2
-11.594968,14.089806,-0.9755503,H2
11.506267,-2.0869136,17.396086,H2
11.940943,-1.1749506,16.775578,H2
11.672622,-1.274828,16.20671,H2
12.757534,-0.19282345,16.600977,H2
12.559804,-0.8952666,16.958706,H2
-13.062561,15.227695,1.911712,H2
11.747308,-0.7461649,16.250605,H2
11.172218,-1.7573518,16.275497,H2
11.996657,-0.27041143,16.32978,H2
-9.886829,9.956357,-0.034425743,H2
18.229149,2.7854245,2.9610314,H2
10.787239,-1.8524103,16.520573,H2
10.739742,-2.4838793,17.479599,H2
-9.753927,6.372545,1.4515656,H2
10.980141,-1.3298429,16.337095,H2
17.810823,3.4770591,3.121971,H2
18.279814,3.1147397,3.5310335,H2
-9.841355,5.726042,1.1585526,H2
10.792115,-0.5275377,16.89917,H2
11.276726,-0.32525522,17.152622,H2
-0.1428979,-8.197453,10.138219,H2
17.813854,3.6995234,3.2434032,H2
-9.909958,5.2205253,0.8419889,H2
10.785476,-1.6052114,17.658163,H2
10.918635,-1.0735705,17.608274,H2
9.720582,-3.1364915,16.810898,H2
-1.5517621,-8.6259575,10.157782,H2
17.800306,3.6498287,2.6094015,H2
-0.6923877,-8.4836445,10.301235,H2
9.148739,-0.82391095,16.23555,H2
18.320288,3.639219,1.3231988,H2
18.06805,3.857608,3.9326086,H2
17.217234,4.2429895,2.5142558,H2
10.897391,-0.20685746,16.916187,H2
9.229942,-2.6274421,16.437536,H2
-9.969449,4.4481196,0.6189868,H2
9.347817,-2.4191477,16.622839,H2
9.458653,-2.4037747,16.660078,H2
17.90106,4.027312,1.2329507,H2
18.04293,4.0231137,2.0072253,H2
8.523743,-0.8691972,16.093054,H2
-10.062255,4.1794057,0.57298166,H2
7.6305256,-0.92904204,15.937433,H2
18.138342,3.8457332,1.2549976,H2
8.860289,-1.774414,16.295446,H2
16.25201,3.7028902,0.5306391,H2
17.543077,4.1319094,1.821195,H2
17.303545,4.300083,2.2145813,H2
7.383838,-1.1186748,15.687239,H2
16.931631,4.817924,1.1337095,H2
17.254578,3.7289777,0.22248517,H2
17.849474,4.183213,1.1208024,H2
7.913607,-0.4429202,16.707485,H2
3.9708464,-0.7006909,15.36629,H2
4.9014564,-0.8862015,15.334048,H2
17.43563,4.698724,0.61256105,H2
17.04513,3.8335946,-0.024515457,H2
5.16513,-0.9967403,15.557048,H2
16.614939,4.0618114,-0.0123130325,H2
5.5521445,-1.5684459,15.115712,H2
17.047533,4.9219813,0.39920622,H2
5.9975514,-2.2874866,15.190635,H2
4.3421936,-1.1114146,15.293707,H2
17.046091,5.601648,-1.6948311,H2
5.868312,-1.9642477,14.370742,H2
4.584868,-1.3519647,15.160222,H2
4.434434,-1.4010085,15.02317,H2
6.014598,-1.9971758,14.282314,H2
5.5361176,-1.6227007,15.02185,H2
4.734423,-1.3633903,15.184431,H2
16.29904,5.820954,-1.197951,H2
3.3016813,-1.7393861,14.097986,H2
16.36387,5.859974,-1.3970574,H2
16.858675,5.732831,-1.7873378,H2
16.992727,5.6763315,-1.8157169,H2
16.659073,5.7726707,-1.6167858,H2
3.2204437,-1.723518,13.993995,H2
-17.739244,11.955849,-3.597359,H2
7.714708,-8.979404,-0.3612757,H2
7.163591,-10.246581,0.41287825,H2
-18.008574,12.226174,-2.9681098,H2
7.8268037,-0.85188717,-2.4160128,H2
7.772684,-0.7345742,-2.3065796,H2
7.9434295,-8.315635,0.41690993,H2
-15.092741,11.924045,1.5038815,H2
8.095908,-9.533626,1.2829314,H2
8.584582,-9.059768,1.3224989,H2
7.634287,-9.639327,1.5458726,H2
-16.501871,14.2484455,1.8218142,H2
7.84651,-8.01026,1.1670572,H2
8.135576,-7.5766764,1.9850695,H2
-16.205894,11.092882,-1.0745441,H2
7.771464,-0.50276613,-2.0926223,H2
6.8943768,-8.380795,0.70634717,H2
8.226045,-7.730618,1.3839658,H2
-14.639165,12.41278,2.347035,H2
7.77915,-0.3804177,-1.9839283,H2
7.268709,-8.016922,1.163293,H2
-21.948124,14.453222,-0.34986743,H2
7.799858,-0.3455174,-2.099166,H2
5.933372,-8.822028,1.9124479,H2
6.3618517,-7.3603764,0.118752085,H2
-14.327105,12.306584,2.4354162,H2
6.646543,-8.130895,1.6468084,H2
6.8229275,-8.051615,1.8677981,H2
6.3291483,-7.5272956,1.074792,H2
-21.93872,14.78252,-0.38623247,H2
6.852503,-9.445916,2.409039,H2
6.705616,-7.7127924,1.7926617,H2
-14.228786,13.380241,4.9236,H2
7.5372205,-7.398847,1.9792856,H2
8.191842,0.31234446,-0.9320252,H2
7.582504,-6.7688065,3.484516,H2
-12.546755,12.617761,3.3548503,H2
6.2713003,-7.637085,2.0258272,H2
8.71101,0.88240266,-0.13101663,H2
7.624525,0.4643351,-1.2595118,H2
-14.024067,13.342829,4.993751,H2
7.009308,-8.112805,4.608853,H2
6.435755,-7.2587075,2.967024,H2
-22.558771,14.436806,0.13333014,H2
7.581459,0.710436,-1.0250086,H2
6.5254326,-8.513684,3.6736336,H2
5.469741,-7.405249,2.332797,H2
-13.153628,12.573159,2.752939,H2
6.483748,-6.7342434,3.1271563,H2
8.413882,1.0425742,-0.11385077,H2
8.717021,1.1334622,-0.25737754,H2
-13.252013,14.062081,1.7786399,H2
6.938534,-8.078038,4.631796,H2
5.97206,-6.574136,3.7843866,H2
-13.44719,13.321897,4.7239194,H2
6.0119247,-6.569829,3.9023964,H2
5.658089,-6.76637,3.2333565,H2
7.566754,1.0726368,-0.8161464,H2
-13.025535,12.824199,2.6022515,H2
7.423274,1.1910686,-0.8408485,H2
9.025497,1.7100819,0.5105792,H2
5.417619,-6.1579556,4.01275,H2
-22.854408,14.540455,0.8484141,H2
9.200717,1.8817428,0.73349047,H2
4.533254,-5.592241,4.358295,H2
-12.878134,12.825918,4.2178574,H2
8.977992,1.7721851,0.52721643,H2
9.394328,2.0072951,0.9145813,H2
8.97614,1.8355742,0.5701704,H2
-23.4339,8.675532,1.3986244,H2
5.7001176,-6.0290875,4.408044,H2
5.324132,-5.8944464,4.4990335,H2
-22.727623,6.0633125,-1.5757252,H2
7.817327,9.163408,-1.3156817,H2
7.694526,9.145457,-1.6948949,H2
8.44994,9.879257,0.36732054,H2
-20.859308,-0.4904653,-2.3682745,H2
9.253843,8.945389,-1.0867921,H2
8.546569,9.749077,0.3572656,H2
8.567423,9.247162,-0.892502,H2
-11.683497,5.8306074,-1.6440854,H2
9.256106,9.117194,-0.28264785,H2
7.8679137,8.686424,-1.0957332,H2
-22.108173,0.17249346,-2.5954695,H2
10.91299,8.692573,0.8394097,H2
8.349789,8.951658,-0.09084232,H2
11.128995,8.884934,1.3883677,H2
-20.536215,-0.21618642,-2.0012627,H2
8.960099,8.538558,-0.0480168,H2
9.894793,7.883973,-0.91914064,H2
-11.706348,5.4622054,-1.4433692,H2
8.654009,8.294323,-0.29107332,H2
10.7201,8.568701,0.5835648,H2
10.700807,7.8484287,-0.17771134,H2
-19.774738,-0.87072027,-3.361522,H2
7.775487,7.7081904,-2.0412273,H2
9.5738325,7.9899282,-0.30725044,H2
10.205253,8.391716,1.1626127,H2
-11.48641,4.848741,-0.8516467,H2
8.34768,8.020506,-1.009137,H2
10.421132,6.941907,-0.25171915,H2
-10.5614805,4.383378,0.38573796,H2
9.776026,7.9814243,-0.34069386,H2
11.398144,6.540763,-1.0984488,H2
9.318253,8.407753,-0.49516004,H2
-19.09043,-1.1768781,-3.5221002,H2
8.342098,7.0585833,-2.344412,H2
8.457581,7.211858,-2.0695326,H2
9.519234,6.6977735,-1.7836972,H2
-17.447805,-1.4250604,-3.4176145,H2
9.897555,7.436211,-1.1734265,H2
10.489585,7.4199643,-0.760446,H2
-17.09973,-1.3728608,-3.2671022,H2
10.232816,7.6420097,-0.7358022,H2
10.725824,5.9315658,-1.4093876,H2
10.501939,6.0533724,-1.4647143,H2
-10.228404,-0.57630897,-2.1402996,H2
11.018975,5.8373303,-1.4089655,H2
8.690653,6.4194922,-2.690326,H2
-17.789421,-1.5117333,-3.8137007,H2
9.08258,6.47349,-2.0983064,H2
10.518416,5.985153,-1.5379355,H2
10.071395,7.217839,-1.2376977,H2
-18.305355,-1.6438065,-4.49187,H2
9.606002,6.223596,-2.0351768,H2
8.544941,7.2347026,-2.1141994,H2
9.290449,5.6470056,-2.4630475,H2
-10.854956,-1.007208,-3.5354717,H2
8.494472,5.5924497,-3.122578,H2
8.685915,5.6244974,-3.3943355,H2
-18.159784,-1.7741241,-4.507289,H2
8.453116,5.832163,-3.524632,H2
8.574503,6.026007,-1.9902142,H2
-0.7791068,-5.6469135,4.400347,H2
-18.180946,-1.8097811,-4.778802,H2
8.460262,6.134102,-3.0469215,H2
11.612899,6.2653255,-1.3261843,H2
13.305468,3.5846748,-1.8800576,H2
-10.893458,-0.98012024,-3.5594785,H2
11.944767,6.6199207,-1.1554372,H2
-11.279293,11.657346,-4.147053,H2
-21.294933,-0.5542814,-2.6227503,H2
-21.56012,-0.16644971,-2.6830597,H2
-9.984609,5.423781,0.6107404,H2
-20.892204,-0.6918693,-3.337901,H2
-9.159288,6.3184743,-2.5913827,H2
-21.594572,0.5928222,-3.8483891,H2
-10.595973,0.33924285,-1.7343447,H2
-16.976864,-1.3764054,-3.347323,H2
-10.57797,-0.07601023,-1.9383899,H2
13.40653,-10.419221,7.670727,H2
12.581056,-10.609478,7.0638466,H2
13.465751,-8.992042,7.2260933,H2
5.209041,-4.963652,-13.063238,H2
13.82866,-8.425527,6.8528423,H2
13.4183035,-8.788248,7.13594,H2
4.8482375,-5.1822476,-12.944768,H2
11.568708,-10.022359,7.0491734,H2
11.961437,-11.424478,7.766278,H2
4.763086,-5.165066,-12.981023,H2
11.245633,-9.856919,7.346991,H2
11.489667,-10.937898,8.334444,H2
11.226382,-10.9414015,7.92524,H2
10.245,-11.6045065,6.9820514,H2
11.124819,-11.028335,9.016095,H2
10.756822,-9.888447,8.728583,H2
10.44098,-11.180641,10.091093,H2
10.682647,-11.150011,10.428984,H2
10.524603,-11.028538,9.950034,H2
10.155193,-11.293532,9.900836,H2
10.121456,-11.333776,10.568319,H2
10.321672,-11.201819,11.318086,H2
9.652968,-11.138039,10.93932,H2
9.1381645,-11.243622,11.301174,H2
9.707868,-11.298259,10.298157,H2
8.608347,-11.367928,10.94956,H2
8.66074,-11.007331,10.73771,H2
3.7453842,-3.3964376,8.325925,H2
9.058519,-11.662386,10.549098,H2
8.142004,-11.376644,11.922189,H2
10.475804,-11.101837,12.070096,H2
4.7541294,-3.8441927,7.565766,H2
4.792478,-3.7823558,7.5288467,H2
8.037049,-11.390862,11.891282,H2
5.6463346,-2.5959659,7.0416627,H2
6.347633,-12.250369,8.717412,H2
8.466816,-12.040466,11.1063175,H2
5.018607,-11.14287,10.8462715,H2
6.707888,-11.139429,11.320371,H2
3.0744865,-2.7376733,8.592746,H2
3.21759,-2.5498576,8.6845875,H2
2.6644635,-1.978069,8.866059,H2
2.0512784,-1.2308129,9.218757,H2
3.0283635,-2.3511076,8.872157,H2
6.415355,-11.160166,11.618969,H2
6.3564386,-11.103854,11.307865,H2
6.215981,-11.099393,11.271387,H2
2.9433758,-2.4165716,8.970179,H2
4.9506474,-11.092742,10.991116,H2
2.740022,-2.1255538,9.576445,H2
4.3438554,-11.028768,10.937991,H2
3.5863037,-11.433368,9.488583,H2
2.621198,-1.8509728,10.279325,H2
2.716331,-2.04195,10.253227,H2
2.9183822,-2.375237,9.810574,H2
2.222728,-1.4617417,9.409295,H2
12.94645,-10.69595,7.1891956,H2
9.715248,1.6226794,-11.452139,H2
12.886179,-11.16784,8.210346,H2
10.58992,0.454262,-11.206612,H2
12.49785,-11.165793,8.105999,H2
6.411717,-6.100696,-12.742269,H2
9.999922,-11.81191,3.947944,H2
10.242401,0.31289056,-11.08731,H2
12.337452,-10.965927,7.9849744,H2
9.729719,1.7725255,-11.3716135,H2
9.880473,-11.841834,3.8835402,H2
6.590701,-6.066073,-12.72438,H2
10.1602,-11.849818,6.852346,H2
9.548152,0.001520709,-11.421861,H2
-12.892119,10.607704,-0.027180137,H2
10.01018,0.18045059,-11.460083,H2
10.319189,0.050742913,-11.418082,H2
9.623078,-11.95447,3.7614324,H2
9.397045,1.0835339,-11.548064,H2
9.580802,-11.969563,3.7704587,H2
9.839884,0.27058032,-12.750241,H2
9.485238,-12.007066,3.7755866,H2
8.986037,0.60015255,-12.336465,H2
9.041559,-12.297001,6.534118,H2
9.496753,0.02438661,-11.385629,H2
8.077245,-12.611872,5.966453,H2
9.1905155,0.41850388,-11.749659,H2
8.221536,-12.353762,5.952803,H2
9.189606,1.069557,-12.238225,H2
8.515937,-11.995555,7.503766,H2
9.652377,0.20816372,-12.1652355,H2
-8.924875,12.723836,-3.41887,H2
9.851243,0.8675905,-11.932618,H2
5.3012238,-8.277545,-11.491671,H2
7.9579296,-12.44518,6.6408076,H2
9.325681,-0.03683588,-12.1515875,H2
8.064306,-12.410034,6.8912225,H2
9.038377,-0.16929002,-11.928822,H2
7.82218,-12.197488,7.1243153,H2
8.166917,-12.136053,7.818146,H2
8.981219,0.11803714,-12.185909,H2
6.4198694,-13.040042,5.8072495,H2
8.432626,-11.971591,8.270933,H2
6.7178845,-13.330477,6.0475483,H2
6.2998896,-13.548458,5.5694866,H2
6.390617,-13.504473,6.0502563,H2
4.8951697,-13.084386,7.0252585,H2
5.4311786,-13.011235,6.8997903,H2
5.758637,-13.568853,6.835956,H2
5.3072486,-12.950386,6.8384304,H2
6.2938223,-12.444884,7.5588136,H2
7.0585217,-8.383094,-13.03163,H2
6.6348844,-12.9057255,6.9202323,H2
3.677045,-12.973167,5.946213,H2
6.1433506,-12.44619,8.116788,H2
3.2800114,-13.75228,6.656069,H2
3.2701309,-13.581219,6.5504546,H2
4.843918,-12.913977,7.8933926,H2
-8.484894,12.462983,-3.8966155,H2
3.864204,-12.90874,6.9986954,H2
3.9554179,-12.716432,7.1887217,H2
3.7823772,-12.462219,6.2928667,H2
3.866991,-12.842043,7.2802963,H2
4.3446646,-13.264213,8.020446,H2
3.2205007,-12.968144,7.9092355,H2
3.3015964,-12.230336,8.912625,H2
3.684317,-13.129277,7.8391566,H2
3.265886,-13.137588,7.716564,H2
2.7464323,-13.99299,7.913613,H2
3.348669,-13.292281,7.7976146,H2
3.482519,-12.367178,8.779406,H2
-16.840956,0.50656784,-12.737647,H2
8.917892,1.241838,-4.820691,H2
11.048634,-0.6755852,-3.3501642,H2
11.515527,-0.84856725,-3.4226286,H2
-17.354591,0.68555456,-12.866071,H2
11.784074,-1.0322529,-3.362277,H2
11.177204,-0.78678197,-3.2785008,H2
1.4577812,-13.302791,-10.697322,H2
11.631134,-0.868067,-3.455311,H2
-18.535715,1.55059,-13.008849,H2
11.542852,-0.70723224,-3.5916965,H2
10.87355,0.08766314,-4.149611,H2
3.3967915,-6.784728,-2.1221783,H2
-17.12633,0.56152374,-12.807592,H2
9.231374,0.6315942,-4.036209,H2
9.976752,0.8718857,-4.8598237,H2
10.283201,0.6922055,-4.7199917,H2
-18.452433,1.4215678,-12.905388,H2
10.350953,0.7180679,-4.674345,H2
10.702226,0.7878333,-4.185312,H2
-15.314364,-5.218189,-8.359534,H2
3.362399,-6.6098003,-2.0787325,H2
9.5655985,0.7746403,-4.555409,H2
9.11019,0.66659486,-4.1250887,H2
8.466852,2.5863678,-11.831357,H2
9.650545,1.0958462,-5.3937078,H2
1.0429503,-13.214424,-11.228836,H2
-19.044806,2.240418,-12.420814,H2
1.4884531,-13.320165,-10.502672,H2
4.1119676,-9.011268,-2.770642,H2
1.4277506,-13.383365,-10.430852,H2
4.530523,-8.221983,-2.6927702,H2
-17.016607,11.744252,-5.0264416,H2
4.383326,-8.453342,-2.82833,H2
4.4310565,-8.282294,-2.8840404,H2
9.01798,1.283073,-5.6047363,H2
-17.04207,-4.0386214,-8.754326,H2
3.7488062,-11.622379,-4.5802655,H2
-18.939365,1.7780426,-12.672317,H2
-18.496492,-4.381624,-7.6835313,H2
8.723192,1.1485505,-4.939034,H2
9.379952,1.2522811,-5.268118,H2
-16.118797,-5.106018,-7.8342977,H2
0.61643124,-13.312609,-11.351338,H2
-19.342985,2.3588395,-12.030829,H2
-16.785172,-4.300257,-8.749948,H2
-18.586386,-3.6861408,-7.065679,H2
8.499554,1.4440144,-5.776848,H2
-16.233377,-5.162391,-7.646037,H2
8.595085,1.4295115,-5.8295007,H2
-16.969912,-4.079423,-8.780857,H2
6.0433874,-13.703016,4.7306237,H2
-17.849009,-4.0279655,-7.1240196,H2
-17.92845,-3.4269793,-6.010313,H2
-17.665455,-4.0026016,-7.0648923,H2
-18.483974,-2.9630659,-5.9700313,H2
-18.817629,-2.862867,-6.024892,H2
-18.07826,-3.2754917,-6.0499196,H2
-18.422958,-2.8278656,-5.7862062,H2
-17.434164,3.9063497,-6.735201,H3
-19.452879,9.615704,-4.030772,H3
10.8955,-9.7860985,-4.463758,H3
10.905316,-9.770073,-4.444132,H3
-19.575338,11.173918,-3.1895137,H3
-16.00182,12.515963,-2.0430152,H3
-17.03977,5.8493447,2.0284965,H3
-15.147792,12.897799,-0.93191457,H3
-16.93577,6.234268,2.0003295,H3
-15.646438,13.022469,-1.5505556,H3
-16.571585,6.4317207,1.3311564,H3
-15.018102,12.743042,-0.57246536,H3
-19.41084,8.360457,-2.888203,H3
-15.470366,14.382733,-0.6678585,H3
-19.173803,8.064341,-3.7191362,H3
-15.411387,14.615518,-0.38803977,H3
-18.796604,5.8587127,-2.8851194,H3
-17.533693,9.912615,-0.7895096,H3
-19.30093,7.6188545,-3.226237,H3
-15.069597,14.655776,4.8537297,H3
-18.324448,6.3364463,-1.6672492,H3
-15.169885,14.7980795,-0.015909906,H3
-16.789778,4.498822,0.1375018,H3
-23.181496,12.819688,-1.701666,H3
-19.484648,5.272739,-3.5525885,H3
10.456723,-12.124929,10.977768,H3
-23.406607,13.290754,-1.079393,H3
-19.948736,5.7309403,-3.9006588,H3
-11.838927,13.955489,2.7672894,H3
-19.06087,4.9589934,-2.9636154,H3
-14.444696,15.004112,1.8566327,H3
-17.62115,4.3041883,-1.518159,H3
9.597039,-5.0771155,9.62928,H3
-13.566271,14.901243,1.326644,H3
-15.922838,3.7234511,0.3644279,H3
-12.610949,14.749068,-1.8153728,H3
-17.701569,4.3116536,-1.6400454,H3
-11.988935,14.71812,-0.7913637,H3
-20.134604,5.004395,-4.033444,H3
8.706093,-3.1049097,8.162798,H3
-13.350659,14.587008,4.6846576,H3
-14.826467,1.8256972,3.052868,H3
-11.607017,12.894292,3.6835303,H3
-19.914228,5.0057735,-3.8515375,H3
-12.227365,14.325708,2.0962996,H3
-18.565771,4.263747,-2.5321941,H3
-13.138496,14.56607,4.5667176,H3
-19.613216,4.9644866,-3.4481697,H3
-12.143737,14.219765,2.3507288,H3
-17.995502,4.480135,-1.8907262,H3
-12.276096,14.553986,1.9493648,H3
-15.833071,3.7480774,0.21967682,H3
-13.007491,15.692176,1.3668737,H3
-17.533804,4.7210584,-1.1611879,H3
-11.800777,13.918988,2.2524045,H3
-16.437592,4.796019,0.58607924,H3
-24.33791,12.216194,0.08064916,H3
-16.990782,4.750939,-0.2750316,H3
-24.296242,11.89776,-0.023837117,H3
-17.77883,5.750798,-1.0340936,H3
-10.239395,11.309749,1.4196162,H3
-16.590004,5.1501756,0.6152049,H3
-10.816634,10.3226385,3.1110222,H3
-16.750055,5.068313,2.0533175,H3
-10.279792,10.93609,1.649611,H3
-18.297018,6.5392356,-1.3631232,H3
-10.349445,9.607793,2.4749458,H3
-18.695753,6.536612,-2.147508,H3
-24.640255,11.411843,0.078945816,H3
-19.4527,7.828279,-2.9011416,H3
-24.726141,10.55841,0.5066019,H3
-15.517432,8.187386,3.0288315,H3
-10.127788,9.224921,2.1125717,H3
-16.2946,7.0033107,2.3174405,H3
-24.866558,11.178591,0.03466941,H3
-18.7478,12.190539,2.83569,H3
-10.0424385,10.098557,1.2832376,H3
-19.047363,12.322541,2.727299,H3
-10.0109005,10.959745,1.0226609,H3
-16.476606,9.306133,4.317169,H3
-7.7356234,5.3418207,1.2141281,H3
-7.662986,5.317918,1.1198077,H3
-15.7792845,8.619631,3.866209,H3
2.0554883,-0.070880726,5.5431056,H3
1.8175842,-0.24701147,5.4176383,H3
-16.37463,7.207565,3.5513499,H3
-7.664389,5.211664,1.1647283,H3
-0.97643566,-8.258693,7.7349257,H3
-15.166948,8.219687,3.9810526,H3
-1.0779346,-8.149637,7.928645,H3
-1.1390854,-8.047755,7.899511,H3
-20.655613,8.019263,-0.076909624,H3
-1.1731427,-7.9570875,7.9167705,H3
-1.06115,-8.538003,7.8423276,H3
12.85645,3.4429395,-2.7661905,H3
-16.531347,7.3065896,3.7281,H3
-1.0197504,-8.619933,7.6342225,H3
-21.689972,8.16437,-1.1560335,H3
-20.807833,7.5473685,-0.27245146,H3
-16.503403,7.013097,3.8881853,H3
-21.780293,7.9314733,-1.151315,H3
-16.701435,8.776248,-7.9217367,H3
-18.90012,11.244461,-4.769839,H3
-19.380718,13.461312,-1.6956973,H3
-16.972204,12.468038,1.0522465,H3
-15.947466,13.186464,3.9535005,H3
-17.548162,13.130995,0.6370502,H3
-19.791786,12.810924,-1.1888443,H3
-16.73273,11.95188,1.4953855,H3
-16.615738,11.70381,3.126479,H3
-19.02317,13.089934,-1.0288862,H3
-21.040953,14.076338,0.40718564,H3
-17.792551,13.458708,0.8135183,H3
-17.472147,14.111591,3.4317443,H3
-17.594624,10.929718,4.450509,H3
-20.068546,11.579257,-0.64651775,H3
-17.860395,12.642697,4.273295,H3
-21.60006,12.819592,-0.77594215,H3
-17.057907,14.251165,3.8790119,H3
-17.078613,12.014828,3.611596,H3
-20.185785,10.214299,2.3320494,H3
-18.413288,10.295317,1.9245262,H3
-22.183708,13.763752,1.3647363,H3
-21.713253,12.428596,-0.8091751,H3
-22.364544,13.737139,1.332286,H3
-17.503805,11.789021,5.126287,H3
-15.243643,11.920351,5.308858,H3
-13.831164,11.385306,5.713495,H3
-18.881943,10.1075945,1.6482602,H3
-14.416223,11.011972,5.8758607,H3
-21.76582,11.823788,-0.71376806,H3
-21.313059,12.337348,3.365197,H3
-14.864557,12.304286,5.562605,H3
-21.082314,12.281383,3.884016,H3
-15.758715,11.446973,5.3972106,H3
-23.1948,10.891231,0.31355983,H3
-16.95119,11.512388,5.597703,H3
-13.48886,10.1662445,5.430173,H3
-22.66477,12.970798,0.64439404,H3
-13.898537,7.351837,4.6744084,H3
-14.531428,11.196934,5.882043,H3
-12.125402,2.7158217,-0.53939474,H3
-13.27394,12.056597,6.032781,H3
-22.976059,13.303425,1.1304249,H3
1.4558811,-3.3452215,13.285031,H3
-10.976087,2.1780615,-0.58835596,H3
-22.720882,10.282212,1.825449,H3
-11.131113,2.1284814,-0.6602291,H3
-21.110907,12.090282,4.2903447,H3
-9.000634,-1.108113,-0.895373,H3
9.017624,1.9937444,12.257393,H3
-23.244438,12.3703,0.69445026,H3
-11.884482,0.13986728,-0.56325966,H3
-22.842054,9.971677,1.4805784,H3
-19.786757,1.0145309,-3.6252244,H3
-13.709377,11.054499,5.905866,H3
-11.726931,1.1879148,-0.55975217,H3
-23.234327,10.941504,0.40724945,H3
-11.860384,1.155149,-0.5618527,H3
10.379721,-0.6796699,9.084624,H3
-12.396107,9.994242,4.9685235,H3
-8.276687,-1.2310675,-0.90277785,H3
-20.752117,2.14366,-3.6642973,H3
-22.617115,9.235777,1.308972,H3
-19.374008,0.85797894,-3.725512,H3
-21.145159,9.148346,2.4776158,H3
1.9660072,-6.125244,11.693645,H3
-12.277407,3.6779869,-1.8582547,H3
-21.228025,8.375738,2.082839,H3
-8.9315195,-1.1322439,-1.0102547,H3
-9.537307,9.587663,-9.5141945,H3
1.6608756,-4.0227656,13.118371,H3
1.8003026,-5.9858007,12.392811,H3
1.7210447,-5.8086286,12.962714,H3
1.5889283,-5.842403,13.090005,H3
1.5448778,-5.762733,13.094214,H3
1.6284145,-4.135689,13.218619,H3
1.4785011,-4.4829364,13.385877,H3
1.2569757,-5.750788,13.387265,H3
1.3631778,-5.797482,13.3218355,H3
-15.680856,11.670522,-2.0157292,H3
-19.351,13.733014,-1.8229113,H3
-15.16101,15.758496,-0.53329897,H3
-18.386202,13.611415,0.03545742,H3
-19.466623,11.155427,-2.9443128,H3
-17.025936,-4.442107,-4.963962,H3
-19.491129,11.200581,-3.0785766,H3
-14.359536,-6.9046254,-3.5387042,H3
-19.659771,10.414929,-2.6447659,H3
-15.331348,-6.178748,-4.027865,H3
-11.702289,12.909725,-10.3733835,H3
-16.574308,-7.158076,-3.8277404,H3
-16.56898,10.373028,2.6955063,H3
-14.083578,-6.9117317,-3.4825354,H3
-16.555536,9.597304,2.6139922,H3
-15.446409,-6.832788,-3.764937,H3
-11.7264595,12.699172,-10.18683,H3
-14.641098,-6.1165285,-3.9287386,H3
-16.459902,8.812693,2.6885653,H3
-16.3174,-7.0690775,-3.8193934,H3
-20.652845,10.410998,-1.2357203,H3
-14.347924,-6.1779404,-3.843663,H3
-19.878399,9.566975,1.9638649,H3
-17.088928,-4.3292027,-4.986415,H3
-16.469831,8.5559225,3.0224397,H3
-14.075026,-6.855572,-3.5003529,H3
-15.811226,-6.912349,-3.7936575,H3
-19.424717,9.723002,1.4562657,H3
-17.072557,-4.320592,-4.977174,H3
-16.446,8.579162,3.3985038,H3
-13.983023,-6.8619986,-3.476436,H3
-15.30168,8.889861,3.9031084,H3
-14.3230715,-6.1089597,-3.862147,H3
-20.253504,9.752579,2.4388287,H3
-7.453413,8.239848,-1.6793339,H3
-18.394724,7.5905886,4.4456053,H3
-11.2652855,11.015407,-7.879359,H3
-13.625323,4.127327,2.640077,H3
-23.56289,13.043204,-1.2271653,H3
-13.080646,3.2344027,1.3067613,H3
9.330964,-5.6417565,10.009542,H3
-13.933062,16.731031,0.22236964,H3
-21.021845,3.7435153,-2.699187,H3
-14.121312,16.604374,0.15871364,H3
-9.560417,9.261673,-9.544668,H3
-13.311623,15.580208,1.2101045,H3
-13.586262,2.3080368,-0.091053955,H3
8.003444,-1.8978517,6.3514442,H3
-20.789997,2.8318937,-3.161374,H3
8.173022,-2.3361325,6.755699,H3
7.706656,-1.8071145,6.3169107,H3
-12.617681,0.33249462,-0.62520385,H3
7.609743,-1.8537166,6.433287,H3
7.026781,-1.4414113,6.4355936,H3
5.5115623,-7.2128587,9.186014,H3
-8.725836,-1.2273934,-0.9097807,H3
7.0141582,-1.2386166,6.702384,H3
5.1023555,-7.1471653,8.9269705,H3
-12.422976,1.0459381,-0.35972464,H3
6.9824333,-1.9486102,5.5785575,H3
5.345425,-7.156158,9.16172,H3
-13.859868,0.40364143,-0.93956715,H3
6.7177625,-1.1539239,5.985759,H3
6.807434,-0.48756856,5.3847733,H3
6.9799814,-1.1663554,6.134378,H3
-15.1122875,1.1032081,-1.0806186,H3
4.8231454,-7.305237,9.317668,H3
6.748554,-0.9057056,5.8196173,H3
-12.889958,-0.063089095,-0.8665209,H3
4.911911,-7.0897584,8.914987,H3
7.222078,-0.8107284,5.3294253,H3
4.807688,-7.161762,9.007711,H3
-14.313197,0.39506555,-0.9752195,H3
9.336984,3.7701178,0.11603653,H3
6.1049047,0.033275947,5.3787627,H3
5.62085,-0.7189858,6.566671,H3
-18.549713,2.1607106,-6.340458,H3
4.3001475,0.6302709,6.4663963,H3
4.304911,0.73467696,6.234068,H3
4.46138,-7.3909855,9.436516,H3
-17.957935,-0.16816036,-6.850919,H3
4.830905,0.277816,6.1915517,H3
5.647051,-0.7122255,6.283575,H3
4.446534,0.45007554,6.40674,H3
-10.902263,1.535018,-6.5390577,H3
4.700627,0.002180152,6.706099,H3
3.3676314,1.151432,6.529424,H3
9.602673,4.780819,-0.79268354,H3
-18.010025,1.7448323,-7.030383,H3
9.954497,5.2957654,-1.1560158,H3
4.2666245,-0.53206545,7.700797,H3
-18.019697,-0.14266492,-7.028155,H3
4.2812157,0.8730031,7.5894346,H3
2.8898163,1.4522513,7.2939177,H3
4.274651,-0.44906372,7.516292,H3
-18.013895,1.6455637,-7.309386,H3
4.713031,0.9204838,7.6556916,H3
4.8271923,0.8640735,5.7533674,H3
4.260365,1.5311126,4.492833,H3
-17.034458,0.28599316,-0.35856315,H3
3.463818,1.2594554,6.767704,H3
3.2008557,1.4578735,7.2024107,H3
-18.522717,0.4960272,-7.824663,H3
-17.707272,1.8712072,-7.834915,H3
-11.693322,2.548811,-13.090859,H3
-19.493322,10.005627,-4.100078,H3
-11.018919,5.7735443,-10.532654,H3
-18.597486,14.120423,1.12085,H3
9.152799,-9.076928,-2.8094344,H3
8.779068,-9.2368765,-0.7473822,H3
-17.349936,12.457898,2.2719953,H3
8.767921,-8.643013,-2.3631973,H3
7.579558,-7.695335,-2.2247803,H3
8.282616,-7.742106,-2.0644944,H3
-19.291353,14.252464,1.1956102,H3
8.465164,-9.057659,-0.58528346,H3
8.685671,-8.531843,-2.2508435,H3
7.6695786,-9.768067,-0.37701264,H3
-18.191515,11.457594,4.892393,H3
6.935541,-6.1394863,-2.5803554,H3
6.810293,-6.418346,-2.5627077,H3
-19.736473,13.149082,1.9240037,H3
8.335691,-9.012956,-0.38442338,H3
8.376968,-7.5403805,-1.8856165,H3
5.7481422,-5.9869905,-3.1860228,H3
-20.603415,13.498403,1.3041013,H3
6.9314723,-9.023813,0.07120299,H3
7.0978265,-5.690958,-1.9258924,H3
6.459024,-7.2434764,-0.4026289,H3
-19.420723,13.472231,3.0020168,H3
7.0614057,-5.6822877,-2.8530424,H3
-20.048521,13.255462,2.3399274,H3
7.0531826,-5.6528773,-2.829024,H3
7.950098,-5.5777483,-1.3113105,H3
6.928696,-5.669672,-1.6576588,H3
-20.899397,13.587366,1.501952,H3
-8.814432,12.164313,-5.390582,H3
-21.787474,13.799827,1.4288521,H3
-8.730167,12.172453,-5.492592,H3
-9.247212,12.169284,-5.6172047,H3
-20.6746,12.605337,2.742445,H3
11.189983,-4.983177,4.4324355,H3
-21.442125,13.972324,2.0906918,H3
5.3302245,-3.7106357,0.47600383,H3
-12.33181,10.794653,3.0614522,H3
-20.830116,13.62172,2.9356282,H3
8.431379,-0.019395871,0.47933698,H3
-19.103867,13.003756,4.6966906,H3
-8.780783,12.268267,-4.4527073,H3
3.4896584,-3.969838,0.350444,H3
-13.685619,11.427287,6.533343,H3
3.8375044,-3.5868495,1.2845769,H3
3.0714116,-2.8941274,1.1863664,H3
-20.510746,13.177065,3.5807593,H3
3.4592824,-3.0474424,1.1950586,H3
3.767649,-2.9398942,1.2388213,H3
3.62315,-2.952061,1.2657347,H3
-19.089207,12.987656,4.8310633,H3
1.892772,-5.61654,4.1200156,H3
1.8000841,-3.5991156,7.180237,H3
2.233399,-4.160885,0.14012966,H3
-14.349252,12.210238,6.287936,H3
2.4470992,-3.0501304,0.9207636,H3
3.5076005,-4.7518125,1.1494095,H3
-13.983859,8.470975,5.8064065,H3
8.953513,3.8441908,-3.3793807,H3
1.6004192,-5.721044,3.9826174,H3
1.3883402,-4.391189,6.0916023,H3
2.1010058,-7.2158484,3.9634485,H3
2.5255644,-8.029661,4.66323,H3
3.3727944,-5.446232,1.242463,H3
-22.968666,9.365036,-0.62731725,H3
-6.220372,5.1594243,-0.9428876,H3
-23.067142,8.486566,-0.64326674,H3
-14.133328,12.297949,-5.7633443,H3
-14.994595,8.096153,5.1267047,H3
2.4564636,-8.203816,6.2946596,H3
2.9280937,-6.449739,5.5228353,H3
-14.062117,7.764735,5.6487155,H3
-10.038841,9.281807,0.420209,H3
-14.960659,5.6379957,4.5201864,H3
3.1294262,-6.096401,5.999312,H3
6.351099,3.556422,-1.0920378,H3
1.0247946,-7.3982706,4.481171,H3
-23.018637,8.476398,-0.73522025,H3
1.5307266,-6.3320565,5.0344167,H3
1.3466806,-8.646189,4.8749967,H3
-14.108462,7.1148224,5.4235845,H3
1.7194651,-7.660694,5.170636,H3
3.333596,-7.0940785,5.8385925,H3
2.9699907,-7.261438,5.682419,H3
6.4069376,3.539378,-1.0663869,H3
2.7334075,-6.4800496,5.529724,H3
0.75395656,-6.7790713,4.1263604,H3
-13.957026,4.892451,3.353778,H3
1.1993985,-5.5877852,4.3872266,H3
0.8689871,-9.507275,4.207804,H3
-14.2403145,5.068545,3.8669467,H3
6.481272,3.5695727,-1.064131,H3
0.5907607,-8.555646,4.504212,H3
1.6706234,-7.346785,5.259268,H3
-14.313017,4.9780116,3.955432,H3
0.819129,-9.095006,4.3296027,H3
1.1918955,-9.003171,4.4524956,H3
-13.7638645,4.2093067,2.949348,H3
1.0364983,-5.2685733,4.311009,H3
1.0637896,-5.0548086,5.254596,H3
-0.4679201,-5.9101663,3.6776655,H3
-20.531778,3.5792215,-2.121624,H3
-0.055144336,-6.4263883,3.2320306,H3
1.166108,-5.2860794,5.5039783,H3
0.5117515,-5.702864,3.8148365,H3
-21.085882,4.373757,-2.6750708,H3
1.9360158,-4.9873834,4.792749,H3
0.5259547,-6.1767435,3.714554,H3
-13.222927,1.5663456,1.5769329,H3
0.13493973,-6.8359113,3.1685889,H3
-0.37068757,-5.464811,3.1786625,H3
-14.057412,1.5682157,1.015818,H3
-14.325351,1.6095243,2.638829,H3
1.6339312,-2.5159278,1.5040833,H3
-14.41271,1.450978,1.670376,H3
-15.111831,1.1714561,0.22923811,H3
-14.801251,1.0337707,2.232516,H3
-15.281402,0.8868596,1.3483739,H3
-15.198166,0.42361075,2.5228543,H3
-18.733418,2.6371827,-6.247606,H3
-15.856946,6.7431436,3.9953687,H3
-21.49774,7.737745,-0.87804276,H3
-20.534605,6.313879,-0.48205167,H3
-20.926163,5.262495,-1.2122903,H3
-14.561159,6.1729503,3.3776598,H3
-20.399456,3.904401,-1.4305804,H3
-20.895397,4.010823,-1.7641294,H3
-21.272009,4.577034,-2.2897089,H3
-20.389366,3.616539,-1.6498822,H3
-13.661864,2.571113,0.20299321,H3
-13.642203,2.7202783,1.4714929,H3
-13.880008,2.4235215,0.93319744,H3
-14.304956,1.5602798,3.0053434,H3
-15.907906,1.7795938,-1.3762696,H3
-14.51913,1.3658773,1.0123132,H3
-14.544002,1.2209816,2.5301225,H3
-14.674313,1.2203077,1.7600285,H3
-16.45312,1.9665596,-1.8125057,H3
-15.44885,0.79605126,0.22674882,H3
-15.992524,1.5198131,-1.1732779,H3
-15.774594,0.5474492,0.8067786,H3
-18.531923,2.4736695,-6.380057,H3
-16.224184,0.20696403,0.788578,H3
-16.331152,0.455173,0.98332566,H3
-8.600502,7.1922607,-8.950152,H3
-16.753841,0.11349856,1.4471833,H3
-17.86478,2.9942572,-6.852873,H3
-17.077002,-0.17661984,1.8189517,H3
-17.158066,-0.37402532,1.7073686,H3
-21.924004,9.663172,-6.2528186,H3
5.677955,-10.718061,-12.728258,H3
-21.917522,9.683896,-6.219969,H3
3.010712,-11.323923,-13.826329,H3
9.088439,-12.336087,-11.371593,H3
15.051792,-6.359567,7.6538515,H3
-21.913736,9.686996,-6.215347,H3
3.4327188,-12.067311,-13.664586,H3
-18.895561,12.506275,0.5792467,H3
3.1879222,-11.920659,-13.588923,H3
3.819981,-12.055374,-13.0714245,H3
5.629696,-10.799492,-12.861445,H3
-18.934984,12.409361,0.61952454,H3
3.9404304,-12.166861,-13.631202,H3
3.011354,-11.827469,-13.226627,H3
3.536106,-12.578006,-13.445261,H3
-16.64582,10.572066,2.5965009,H3
3.9378197,-12.189213,-13.46379,H3
3.3358634,-12.184001,-13.222639,H3
3.8452773,-12.495569,-13.016026,H3
-20.14217,12.45552,-0.9499636,H3
-11.799509,2.583652,-12.94125,H3
-20.39477,11.873022,-1.4995203,H3
-11.715283,2.5942872,-12.965535,H3
-19.03068,9.974056,-0.4742307,H3
-16.50783,4.481535,-12.774531,H3
-19.773836,9.617514,2.9383466,H3
4.170342,-13.407394,-12.820376,H3
-20.531542,11.621788,-1.3868687,H3
-16.524025,4.474586,-12.805829,H3
-13.169355,0.8890496,-11.62057,H3
-14.467145,10.483577,4.3746614,H3
-16.42617,4.397789,-12.829727,H3
-18.448109,9.730236,-0.53759223,H3
-13.948595,1.1680368,-12.207964,H3
-18.955597,8.232619,4.118833,H3
-12.772778,0.10856241,-12.134644,H3
-13.77996,8.282543,4.006926,H3
-21.84807,6.196712,-0.065946616,H3
-12.12815,2.2532196,-13.173662,H3
-13.994461,8.608471,4.1178417,H3
-20.586226,8.634665,1.6810236,H3
-6.1116114,-1.8060642,-0.32091174,H3
-11.721463,5.071865,1.6262653,H3
-22.144646,6.633429,-0.7527301,H3
-5.879508,-1.8754768,-0.22422288,H3
2.3650565,-2.2305734,13.688453,H3
-5.6905613,-1.9551189,-0.13879491,H3
-7.9529166,-1.2455274,-0.9448103,H3
3.5163655,-1.1369618,12.4970045,H3
-4.3237295,-1.8787133,0.43349487,H3
-4.2912135,-1.8772775,0.44753066,H3
-18.887856,11.226188,-4.5781803,H3
-16.800493,12.258689,1.5596207,H3
0.084033385,-5.6792417,0.0015211867,H3
0.8102586,-3.5035958,1.0627606,H3
0.12874953,-6.382282,-0.5414881,H3
0.13359845,-6.4727397,-0.61032903,H3
-18.05802,13.83935,1.1848408,H3
-16.322222,10.940056,2.444055,H3
-20.564547,13.012905,-0.755361,H3
-17.495005,10.881193,4.3696804,H3
-16.413073,9.619949,2.75326,H3
-15.243627,9.854305,3.788491,H3
-11.730502,12.652615,-10.139029,H3
-20.769701,10.212802,-0.9938721,H3
-14.514114,9.185787,4.1109486,H3
-21.813623,6.1021085,0.22168742,H3
-20.177328,8.870139,1.0366445,H3
-16.39897,7.0697703,4.1328855,H3
3.4669187,-3.2734609,14.993356,H3
14.722975,1.316733,1.5917523,H3
-22.015858,7.4704885,-1.2613603,H3
-16.513784,7.238412,4.5317764,H3
-21.893866,5.6003323,-1.7734344,H3
-11.957171,-0.39029935,-0.25617784,H3
2.3411727,-2.3856096,13.77058,H3
-13.09125,3.5962174,1.7869804,H3
-19.612421,0.55021304,-3.5231543,H3
-21.197386,3.5359983,-2.3463829,H3
-13.015232,3.4548168,1.5568994,H3
-18.789843,-1.2525522,-4.4907236,H3
-21.487406,0.9307783,-4.112874,H3
-10.55694,-0.78660035,-2.7854712,H3
-19.01861,5.19061,-6.3177814,H3
8.703712,-4.9870887,-0.81088233,H3
-18.209879,2.6305368,1.1761428,H3
11.283621,-5.030849,4.5317163,H3
-24.010319,14.6433735,0.015934156,H3
-18.0667,3.6637106,2.2849817,H3
12.143189,-3.1774108,14.639771,H3
-12.758097,10.890644,2.1574373,H3
-18.125225,3.2525518,1.7733725,H3
8.132116,-6.409066,4.6901264,H3
-17.803999,5.551565,-5.882498,H3
4.6962004,-8.267409,5.2102604,H3
3.7288737,-4.110297,0.13770822,H3
3.305704,-7.3468094,1.7686605,H3
-18.255348,7.1107125,-5.4792166,H3
2.008794,-3.5233905,7.327391,H3
8.6146965,-6.1223626,5.3449483,H3
-16.847984,6.149932,-5.1037655,H3
8.090463,-6.390959,4.473807,H3
-9.27762,12.194347,-5.670075,H3
-17.394373,6.0814114,-5.6494102,H3
4.22282,-7.8539186,4.9365325,H3
2.471761,-6.846942,2.0887098,H3
0.6902144,-6.5562453,2.045257,H3
-16.497278,5.5757546,-4.134186,H3
1.7996957,-6.1916895,2.8884208,H3
1.7477449,-6.79903,2.1637402,H3
-17.007666,6.304881,-4.9913735,H3
2.1302922,-6.953398,1.8396028,H3
5.010926,-3.6613703,0.6080661,H3
3.793187,-5.2051973,4.257254,H3
-16.157358,5.743784,-3.8269334,H3
2.7458067,-6.8557277,3.8960893,H3
3.039033,-7.6759534,4.4500084,H3
2.1106732,-3.4997187,1.0329007,H3
-17.990896,3.7315845,2.1424704,H3
0.05284295,-5.300239,2.941603,H3
-17.204569,5.9646864,-5.187521,H3
1.086294,-4.347678,0.6259933,H3
1.0502418,-4.2349973,0.6646779,H3
-18.074932,7.0972924,-5.4709334,H3
3.086435,-3.6552815,0.7977815,H3
2.0739815,-7.079659,3.9976945,H3
1.9018862,-6.91039,4.22798,H3
-18.62287,7.7238145,-4.964225,H3
0.5033136,-5.9410086,2.839866,H3
-17.754883,3.0019631,1.3301258,H3
-17.546043,6.846631,-6.2393293,H3
-17.735184,4.196298,1.993637,H3
1.0245981,-3.793132,0.8206072,H3
-17.692932,2.9915187,1.2405959,H3
-18.59857,5.4594955,-5.496892,H3
-16.935598,5.065492,-3.4725783,H3
-17.390589,2.6106246,0.99004215,H3
-18.411413,5.323807,-5.4916654,H3
-18.925692,5.425554,-5.5638804,H3
-17.632296,4.9322233,-4.795919,H3
-17.5203,2.421544,0.30034277,H3
-16.95221,1.739606,1.9337153,H3
-16.969648,1.254771,0.8259592,H3
-16.733551,0.9806824,1.473353,H3
-16.308626,-0.4844169,1.180043,H3
